[
	{
		"value": "Aline"
	},
	{
		"value": "Amanda"
	},
	{
		"value": "Ailton"
	},
	{
		"value": "Alice"
	},
	{
		"value": "Amon"
	},
	{
		"value": "Ada"
	},
	{
		"value": "Ashley"
	},
	{
		"value": "Alex"
	},
	{
		"value": "Abel"
	},
	{
		"value": "Aracne"
	},
	{
		"value": "Ariane"
	},
	{
		"value": "Ariadna"
	},
	{
		"value": "Bruno"
	},
	{
		"value": "Barbara"
	},
	{
		"value": "Bartimeu"
	},
	{
		"value": "Britney"
	},
	{
		"value": "Brianne"
	},
	{
		"value": "Brenda"
	},
	{
		"value": "Bianca"
	},
	{
		"value": "Beatriz"
	},
	{
		"value": "Buba"
	},
	{
		"value": "Bela"
	},
	{
		"value": "Bonny"
	},
	{
		"value": "Bill"
	},
	{
		"value": "Carvalho"
	},
	{
		"value": "Carla"
	},
	{
		"value": "Cassandra"
	},
	{
		"value": "Carlos"
	},
	{
		"value": "Cicero"
	},
	{
		"value": "Caio"
	},
	{
		"value": "Coraline"
	},
	{
		"value": "Cidinho"
	},
	{
		"value": "Clara"
	},
	{
		"value": "Cecilia"
	},
	{
		"value": "Cavalcanti"
	},
	{
		"value": "Dinda"
	},
	{
		"value": "Diana"
	},
	{
		"value": "Douglas"
	},
	{
		"value": "Diogenes"
	},
	{
		"value": "Doralice"
	},
	{
		"value": "Doriana"
	},
	{
		"value": "Diogo"
	},
	{
		"value": "Diego"
	},
	{
		"value": "Dante"
	},
	{
		"value": "Dorival"
	},
	{
		"value": "Dustin"
	},
	{
		"value": "Eraldo"
	},
	{
		"value": "Erasmo"
	},
	{
		"value": "Eliane"
	},
	{
		"value": "Eloi"
	},
	{
		"value": "Eliel"
	},
	{
		"value": "Elaine"
	},
	{
		"value": "Eleide"
	},
	{
		"value": "Eliza"
	},
	{
		"value": "Eros"
	},
	{
		"value": "Ezio"
	},
	{
		"value": "Elza"
	},
	{
		"value": "Esmael"
	},
	{
		"value": "Elida"
	},
	{
		"value": "Eduardo"
	},
	{
		"value": "Ester"
	},
	{
		"value": "Elizama"
	},
	{
		"value": "Elizamel"
	},
	{
		"value": "Elizeu"
	},
	{
		"value": "Eldes"
	},
	{
		"value": "Fabricio"
	},
	{
		"value": "Fabio"
	},
	{
		"value": "Fatima"
	},
	{
		"value": "Felipe"
	},
	{
		"value": "Furcles"
	},
	{
		"value": "Fumana"
	},
	{
		"value": "Fabiana"
	},
	{
		"value": "Fafa"
	},
	{
		"value": "Fael"
	},
	{
		"value": "Forbes"
	},
	{
		"value": "Gabriela"
	},
	{
		"value": "Gabriel"
	},
	{
		"value": "Girleyde"
	},
	{
		"value": "Genoma"
	},
	{
		"value": "George"
	},
	{
		"value": "Gustavo"
	},
	{
		"value": "Gelida"
	},
	{
		"value": "Guile"
	},
	{
		"value": "Gominho"
	},
	{
		"value": "Gumercindo"
	},
	{
		"value": "Gaga"
	},
	{
		"value": "Geraldo"
	},
	{
		"value": "Geyse"
	},
	{
		"value": "Henrique"
	},
	{
		"value": "Hermes"
	},
	{
		"value": "Heliane"
	},
	{
		"value": "Helder"
	},
	{
		"value": "Heitor"
	},
	{
		"value": "Hamaz"
	},
	{
		"value": "Hilton"
	},
	{
		"value": "Hilary"
	},
	{
		"value": "Hugo"
	},
	{
		"value": "Hingrid"
	},
	{
		"value": "Hiago"
	},
	{
		"value": "Ianca"
	},
	{
		"value": "Iris"
	},
	{
		"value": "Izidio"
	},
	{
		"value": "Irineu"
	},
	{
		"value": "Isrrael"
	},
	{
		"value": "Ingrid"
	},
	{
		"value": "Igor"
	},
	{
		"value": "Irio"
	},
	{
		"value": "Janaina"
	},
	{
		"value": "Juliana"
	},
	{
		"value": "Jamanta"
	},
	{
		"value": "Jamary"
	},
	{
		"value": "Jorge"
	},
	{
		"value": "Jeorge"
	},
	{
		"value": "Jefferson"
	},
	{
		"value": "Joao"
	},
	{
		"value": "Jaco"
	},
	{
		"value": "Jaqueline"
	},
	{
		"value": "Jeronimo"
	},
	{
		"value": "Julia"
	},
	{
		"value": "Jairo"
	},
	{
		"value": "Jailson"
	},
	{
		"value": "Jamerson"
	},
	{
		"value": "Jessica"
	},
	{
		"value": "Jean"
	},
	{
		"value": "Joana"
	},
	{
		"value": "Jo"
	},
	{
		"value": "Joseias"
	},
	{
		"value": "Josiel"
	},
	{
		"value": "Josia"
	},
	{
		"value": "Krialdo"
	},
	{
		"value": "Kaio"
	},
	{
		"value": "Klepes"
	},
	{
		"value": "Kamilla"
	},
	{
		"value": "Kaiane"
	},
	{
		"value": "Kelly"
	},
	{
		"value": "Kellyane"
	},
	{
		"value": "Klaus"
	},
	{
		"value": "Kleberson"
	},
	{
		"value": "Klause"
	},
	{
		"value": "Leandro"
	},
	{
		"value": "Lucas"
	},
	{
		"value": "Lianna"
	},
	{
		"value": "Lazaro"
	},
	{
		"value": "Leticia"
	},
	{
		"value": "Laysa"
	},
	{
		"value": "Lula"
	},
	{
		"value": "Lous"
	},
	{
		"value": "Luiz"
	},
	{
		"value": "Lidia"
	},
	{
		"value": "Lidiane"
	},
	{
		"value": "Livia"
	},
	{
		"value": "Lucia"
	},
	{
		"value": "Maria"
	},
	{
		"value": "Marcia"
	},
	{
		"value": "Moraes"
	},
	{
		"value": "Marcos"
	},
	{
		"value": "Marcu"
	},
	{
		"value": "Mauricio"
	},
	{
		"value": "Melissandre"
	},
	{
		"value": "Mariana"
	},
	{
		"value": "Marina"
	},
	{
		"value": "Mary"
	},
	{
		"value": "Marcelo"
	},
	{
		"value": "Marcela"
	},
	{
		"value": "Mayara"
	},
	{
		"value": "Mayra"
	},
	{
		"value": "Marta"
	},
	{
		"value": "Neide"
	},
	{
		"value": "Novaes"
	},
	{
		"value": "Nivia"
	},
	{
		"value": "Norma"
	},
	{
		"value": "Nilson"
	},
	{
		"value": "A"
	},
	{
		"value": "B"
	},
	{
		"value": "C"
	},
	{
		"value": "D"
	}
]