[
	{
		"value": "You dont believe in the Force, do you?"
	},
	{
		"value": "All right. Well, take care of yourself, Han. I guess thats what youre best at, aint it? Dantooine. Theyre on Dantooine. Im surprised you had the courage to take the responsibility yourself. You dont believe in the Force, do you?"
	},
	{
		"value": "Partially, but it also obeys your commands."
	},
	{
		"value": "Its not that I like the Empire, I hate it, but theres nothing I can do about it right now. Its such a long way from here."
	},
	{
		"value": "He is here!"
	},
	{
		"value": "Im surprised you had the courage to take the responsibility yourself."
	},
	{
		"value": "Im trying not to, kid."
	},
	{
		"value": "Red Five standing by."
	},
	{
		"value": "Theres nothing for me here now. I want to learn the ways of the Force and be a Jedi, like my father before me. Oh God, my uncle. How am I ever gonna explain this? Look, I can take you as far as Anchorhead. You can get a transport there to Mos Eisley or wherever youre going."
	},
	{
		"value": "As you wish. The more you tighten your grip, Tarkin, the more star systems will slip through your fingers. I suggest you try it again, Luke. This time, let go your conscious self and act on instinct. Still, shes got a lot of spirit. I dont know, what do you think?"
	},
	{
		"value": "How is education supposed to make me feel smarter? Besides, every time I learn something new, it pushes some old stuff out of my brain. Remember when I took that home winemaking course, and I forgot how to drive? I dont like being outdoors, Smithers. For one thing, theres too many fat children."
	},
	{
		"value": "Im normally not a praying man, but if youre up there, please save me, Superman. How is education supposed to make me feel smarter? Besides, every time I learn something new, it pushes some old stuff out of my brain. Remember when I took that home winemaking course, and I forgot how to drive?"
	},
	{
		"value": "Save me."
	}

]