[
	{
		"value": "a"
	},
	{
		"value": "b"
	},
	{
		"value": "c"
	},
	{
		"value": "d"
	},
	{
		"value": "e"
	},
	{
		"value": "f"
	},
	{
		"value": "g"
	},
	{
		"value": "h"
	},
	{
		"value": "i"
	},
	{
		"value": "j"
	},
	{
		"value": "k"
	},
	{
		"value": "l"
	},
	{
		"value": "m"
	},
	{
		"value": "n"
	},
	{
		"value": "o"
	},
	{
		"value": "p"
	},
	{
		"value": "q"
	},
	{
		"value": "r"
	},
	{
		"value": "s"
	},
	{
		"value": "t"
	},
	{
		"value": "u"
	},
	{
		"value": "v"
	},
	{
		"value": "w"
	},
	{
		"value": "y"
	},
	{
		"value": "x"
	},
	{
		"value": "z"
	}
]